Roll_No,Name,Gender,Class,Math,Science,English,Attendance,City,Date_of_Birth
1,Ashwini,F,SE-A,88.0,92.0,85.0,95,Pune,2005-03-15
2,Rohan,M,SE-A,78.0,75.0,80.0,82,Mumbai,2005-07-22
3,Priya,F,SE-B,95.0,89.0,91.0,96,Pune,2004-12-11
4,Amit,M,SE-B,65.0,70.0,68.0,74,Nashik,2006-05-03
5,Sneha,F,SE-A,82.0,87.0,84.0,88,Pune,2005-08-28
6,Arjun,M,SE-C,55.0,60.0,58.0,69,Mumbai,2006-01-19
7,Vaishnavi,F,SE-C,91.0,93.0,95.0,98,Nagpur,2004-09-25
8,Disha,F,SE-A,76.0,72.0,79.0,85,Pune,2005-04-10
9,Abhishek,M,SE-B,85.0,88.0,83.0,90,Nashik,2004-11-30
10,Sourav,M,SE-C,67.0,65.0,70.0,72,Mumbai,2006-02-14
11,Karan,M,SE-A,,85.0,80.0,89,Pune,2005-07-22
12,Anjali,F,SE-B,88.0,,92.0,94,Nagpur,2005-06-18
13,Neha,F,SE-C,79.0,82.0,,81,Mumbai,2004-10-07
14,Rahul,M,SE-A,62.0,58.0,60.0,68,Nashik,2005-01-21
15,Komal,F,SE-B,90.0,91.0,89.0,97,Pune,2006-08-12
16,Sahil,M,SE-C,72.0,75.0,70.0,78,Nagpur,2004-05-29
17,Pooja,F,SE-A,84.0,86.0,88.0,92,Pune,2005-09-16
18,Vikas,M,SE-B,59.0,62.0,61.0,66,Mumbai,2005-12-04
19,Rutuja,F,SE-C,93.0,95.0,94.0,99,Nashik,2006-03-23
20,Om,M,SE-A,81.0,79.0,83.0,88,Pune,2004-07-08
21,Ashwini,F,SE-A,88.0,92.0,85.0,95,Pune,2005-10-17
22,Rohan,M,SE-A,78.0,75.0,80.0,82,Mumbai,2005-03-15
