Roll_No,Name,Gender,Class,Math,Science,English,Attendance,City,Date_of_Birth,DOB_Int,Birth_Day,Birth_Month,Birth_Year,Weekday,Total_Marks,Percentage,Grade
1,Ashwini,F,SE-A,88.0,92.0,85.0,95,Pune,2005-03-15,1110844800000000,15,3,2005,Tuesday,265.0,88.33333333333333,B
2,Rohan,M,SE-A,78.0,75.0,80.0,82,Mumbai,2005-07-22,1121990400000000,22,7,2005,Friday,233.0,77.66666666666666,B
3,Priya,F,SE-B,95.0,89.0,91.0,96,Pune,2004-12-11,1102723200000000,11,12,2004,Saturday,275.0,91.66666666666666,A
4,Amit,M,SE-B,65.0,70.0,68.0,74,Nashik,2006-05-03,1146614400000000,3,5,2006,Wednesday,203.0,67.66666666666666,C
5,Sneha,F,SE-A,82.0,87.0,84.0,88,Pune,2005-08-28,1125187200000000,28,8,2005,Sunday,253.0,84.33333333333334,B
6,Arjun,M,SE-C,55.0,60.0,58.0,69,Mumbai,2006-01-19,1137628800000000,19,1,2006,Thursday,173.0,57.666666666666664,D
7,Vaishnavi,F,SE-C,91.0,93.0,95.0,98,Nagpur,2004-09-25,1096070400000000,25,9,2004,Saturday,279.0,93.0,A
8,Disha,F,SE-A,76.0,72.0,79.0,85,Pune,2005-04-10,1113091200000000,10,4,2005,Sunday,227.0,75.66666666666667,B
9,Abhishek,M,SE-B,85.0,88.0,83.0,90,Nashik,2004-11-30,1101772800000000,30,11,2004,Tuesday,256.0,85.33333333333334,B
10,Sourav,M,SE-C,67.0,65.0,70.0,72,Mumbai,2006-02-14,1139875200000000,14,2,2006,Tuesday,202.0,67.33333333333333,C
11,Karan,M,SE-A,,85.0,80.0,89,Pune,2005-07-22,1121990400000000,22,7,2005,Friday,,,Fail
12,Anjali,F,SE-B,88.0,,92.0,94,Nagpur,2005-06-18,1119052800000000,18,6,2005,Saturday,,,Fail
13,Neha,F,SE-C,79.0,82.0,,81,Mumbai,2004-10-07,1097107200000000,7,10,2004,Thursday,,,Fail
14,Rahul,M,SE-A,62.0,58.0,60.0,68,Nashik,2005-01-21,1106265600000000,21,1,2005,Friday,180.0,60.0,C
15,Komal,F,SE-B,90.0,91.0,89.0,97,Pune,2006-08-12,1155340800000000,12,8,2006,Saturday,270.0,90.0,A
16,Sahil,M,SE-C,72.0,75.0,70.0,78,Nagpur,2004-05-29,1085788800000000,29,5,2004,Saturday,217.0,72.33333333333334,C
17,Pooja,F,SE-A,84.0,86.0,88.0,92,Pune,2005-09-16,1126828800000000,16,9,2005,Friday,258.0,86.0,B
18,Vikas,M,SE-B,59.0,62.0,61.0,66,Mumbai,2005-12-04,1133654400000000,4,12,2005,Sunday,182.0,60.66666666666667,C
19,Rutuja,F,SE-C,93.0,95.0,94.0,99,Nashik,2006-03-23,1143072000000000,23,3,2006,Thursday,282.0,94.0,A
20,Om,M,SE-A,81.0,79.0,83.0,88,Pune,2004-07-08,1089244800000000,8,7,2004,Thursday,243.0,81.0,B
21,Ashwini,F,SE-A,88.0,92.0,85.0,95,Pune,2005-10-17,1129507200000000,17,10,2005,Monday,265.0,88.33333333333333,B
22,Rohan,M,SE-A,78.0,75.0,80.0,82,Mumbai,2005-03-15,1110844800000000,15,3,2005,Tuesday,233.0,77.66666666666666,B
